{  
  "data":[  
    {
      "name":"Aachen",
      "state":"Nordrhein-Westfalen"
    },
    {
      "name":"Augsburg",
      "state":"Bayern"
    },
    {
      "name":"Bergisch Gladbach",
      "state":"Nordrhein-Westfalen"
    },
    {
      "name":"Berlin",
      "state":"Berlin"
    },
    {
      "name":"Bielefeld",
      "state":"Nordrhein-Westfalen"
    },
    {
      "name":"Bochum",
      "state":"Nordrhein-Westfalen"
    },
    {
      "name":"Bonn",
      "state":"Nordrhein-Westfalen"
    },
    {
      "name":"Bottrop",
      "state":"Nordrhein-Westfalen"
    },
    {
      "name":"Braunschweig",
      "state":"Niedersachsen"
    },
    {
      "name":"Bremen",
      "state":"Bremen"
    },
    {
      "name":"Bremerhaven",
      "state":"Bremen"
    },
    {
      "name":"Chemnitz",
      "state":"Sachsen"
    },
    {
      "name":"Cottbus",
      "state":"Brandenburg"
    },
    {
      "name":"Darmstadt",
      "state":"Hessen"
    },
    {
      "name":"Dortmund",
      "state":"Nordrhein-Westfalen"
    },
    {
      "name":"Dresden",
      "state":"Sachsen"
    },
    {
      "name":"Duisburg",
      "state":"Nordrhein-Westfalen"
    },
    {
      "name":"Düsseldorf",
      "state":"Nordrhein-Westfalen"
    },
    {
      "name":"Erfurt",
      "state":"Thüringen"
    },
    {
      "name":"Erlangen",
      "state":"Bayern"
    },
    {
      "name":"Essen",
      "state":"Nordrhein-Westfalen"
    },
    {
      "name":"Frankfurt am Main",
      "state":"Hessen"
    },
    {
      "name":"Freiburg im Breisgau",
      "state":"Baden-Württemberg"
    },
    {
      "name":"Fürth",
      "state":"Bayern"
    },
    {
      "name":"Gelsenkirchen",
      "state":"Nordrhein-Westfalen"
    },
    {
      "name":"Göttingen",
      "state":"Niedersachsen"
    },
    {
      "name":"Hagen",
      "state":"Nordrhein-Westfalen"
    },
    {
      "name":"Halle (Saale)",
      "state":"Sachsen-Anhalt"
    },
    {
      "name":"Hamburg",
      "state":"Hamburg"
    },
    {
      "name":"Hamm",
      "state":"Nordrhein-Westfalen"
    },
    {
      "name":"Hannover",
      "state":"Niedersachsen"
    },
    {
      "name":"Heidelberg",
      "state":"Baden-Württemberg"
    },
    {
      "name":"Heilbronn",
      "state":"Baden-Württemberg"
    },
    {
      "name":"Herne",
      "state":"Nordrhein-Westfalen"
    },
    {
      "name":"Hildesheim",
      "state":"Niedersachsen"
    },
    {
      "name":"Ingolstadt",
      "state":"Bayern"
    },
    {
      "name":"Jena",
      "state":"Thüringen"
    },
    {
      "name":"Karlsruhe",
      "state":"Baden-Württemberg"
    },
    {
      "name":"Kassel",
      "state":"Hessen"
    },
    {
      "name":"Kiel",
      "state":"Schleswig-Holstein"
    },
    {
      "name":"Koblenz",
      "state":"Rheinland-Pfalz"
    },
    {
      "name":"Krefeld",
      "state":"Nordrhein-Westfalen"
    },
    {
      "name":"Köln",
      "state":"Nordrhein-Westfalen"
    },
    {
      "name":"Leipzig",
      "state":"Sachsen"
    },
    {
      "name":"Leverkusen",
      "state":"Nordrhein-Westfalen"
    },
    {
      "name":"Ludwigshafen am Rhein",
      "state":"Rheinland-Pfalz"
    },
    {
      "name":"Lübeck",
      "state":"Schleswig-Holstein"
    },
    {
      "name":"Magdeburg",
      "state":"Sachsen-Anhalt"
    },
    {
      "name":"Mainz",
      "state":"Rheinland-Pfalz"
    },
    {
      "name":"Mannheim",
      "state":"Baden-Württemberg"
    },
    {
      "name":"Moers",
      "state":"Nordrhein-Westfalen"
    },
    {
      "name":"Mönchengladbach",
      "state":"Nordrhein-Westfalen"
    },
    {
      "name":"Mülheim an der Ruhr",
      "state":"Nordrhein-Westfalen"
    },
    {
      "name":"München",
      "state":"Bayern"
    },
    {
      "name":"Münster",
      "state":"Nordrhein-Westfalen"
    },
    {
      "name":"Neuss",
      "state":"Nordrhein-Westfalen"
    },
    {
      "name":"Nürnberg",
      "state":"Bayern"
    },
    {
      "name":"Oberhausen",
      "state":"Nordrhein-Westfalen"
    },
    {
      "name":"Offenbach am Main",
      "state":"Hessen"
    },
    {
      "name":"Oldenburg",
      "state":"Niedersachsen"
    },
    {
      "name":"Osnabrück",
      "state":"Niedersachsen"
    },
    {
      "name":"Paderborn",
      "state":"Nordrhein-Westfalen"
    },
    {
      "name":"Pforzheim",
      "state":"Baden-Württemberg"
    },
    {
      "name":"Potsdam",
      "state":"Brandenburg"
    },
    {
      "name":"Recklinghausen",
      "state":"Nordrhein-Westfalen"
    },
    {
      "name":"Regensburg",
      "state":"Bayern"
    },
    {
      "name":"Remscheid",
      "state":"Nordrhein-Westfalen"
    },
    {
      "name":"Reutlingen",
      "state":"Baden-Württemberg"
    },
    {
      "name":"Rostock",
      "state":"Mecklenburg-Vorpommern"
    },
    {
      "name":"Saarbrücken",
      "state":"Saarland"
    },
    {
      "name":"Salzgitter",
      "state":"Niedersachsen"
    },
    {
      "name":"Siegen",
      "state":"Nordrhein-Westfalen"
    },
    {
      "name":"Solingen",
      "state":"Nordrhein-Westfalen"
    },
    {
      "name":"Stuttgart",
      "state":"Baden-Württemberg"
    },
    {
      "name":"Trier",
      "state":"Rheinland-Pfalz"
    },
    {
      "name":"Ulm",
      "state":"Baden-Württemberg"
    },
    {
      "name":"Wiesbaden",
      "state":"Hessen"
    },
    {
      "name":"Wolfsburg",
      "state":"Niedersachsen"
    },
    {
      "name":"Wuppertal",
      "state":"Nordrhein-Westfalen"
    },
    {
      "name":"Würzburg",
      "state":"Bayern"
    }
  ]
}